Bio, text
Bio, text
Bio, text
Bio, text
Bio, text
Bio, text
Bio, text
Bio, text
Bio, text
Bio, text
Bio, text
Bio, text
Bio, text
Bio, text
Bio, text
Bio, text
Bio, text
Bio, text
Bio, text
Bio, text
Bio, text
Bio, text
Bio, text
Bio, text
Bio, text
Bio, text
Bio, text
Bio, text
Bio, text
Bio, text
Bio, text
Bio, text
Bio, text
Bio, text
Bio, text
Bio, text
Bio, text
Bio, text
Bio, text
Bio, text
Bio, text
Bio, text
Bio, text
Bio, text
Bio, text
Bio, text
Bio, text
Bio, text
Bio, text
Bio, text
Bio, text
Bio, text
Bio, text
Bio, text
Bio, text
Bio, text
Bio, text
Bio, text
Bio, text
Bio, text
Bio, text
Bio, text
Bio, text
Bio, text
Bio, text
Bio, text
Bio, text
Bio, text
Bio, text
Bio, text
Bio, text
Bio, text
Bio, text
Bio, text
Bio, text
Bio, text
Bio, text
Bio, text
Bio, text
Bio, text
Bio, text
Bio, text
Bio, text
Bio, text
Bio, text
Bio, text
Bio, text
Bio, text
Bio, text
Bio, text
Bio, text
Bio, text
Bio, text
Bio, text
Bio, text
Bio, text
Bio, text
Bio, text
Bio, text
Bio, text
Bio, text
Bio, text
Bio, text
Bio, text
Bio, text
Bio, text
Bio, text
Bio, text
Bio, text
Bio, text
Bio, text
Bio, text
Bio, text
Bio, text
Bio, text
Bio, text
Bio, text
Bio, text
Bio, text
Bio, text
Bio, text
Bio, text
Bio, text
Bio, text
Bio, text
Bio, text
Bio, text
Bio, text
Bio, text
Bio, text
Bio, text
Bio, text
Bio, text
Bio, text
Bio, text
Bio, text
Bio, text
Bio, text
Bio, text
Bio, text
Bio, text
Bio, text
Bio, text
Bio, text
Bio, text
Bio, text
Bio, text
Bio, text
Bio, text
Bio, text
Bio, text
Bio, text
Bio, text
Bio, text
Bio, text
Bio, text
Bio, text
Bio, text
Bio, text
Bio, text
Bio, text
Bio, text
Bio, text
Bio, text
Bio, text
Bio, text
Bio, text
Bio, text
Bio, text
Bio, text
Bio, text
Bio, text
Bio, text
Bio, text
Bio, text
Bio, text
Bio, text
Bio, text
Bio, text
Bio, text
Bio, text
Bio, text
Bio, text
Bio, text
Bio, text
Bio, text
Bio, text
Bio, text
Bio, text
Bio, text
Bio, text
Bio, text
Bio, text
Bio, text
Bio, text
Bio, text
Bio, text
Bio, text
Bio, text
Bio, text
Bio, text
Bio, text
Bio, text
Bio, text
Bio, text
Bio, text
Bio, text
Bio, text
Bio, text
Bio, text
Bio, text
Bio, text
Bio, text
Bio, text
Bio, text
Bio, text
Bio, text
Bio, text
Bio, text
Bio, text
Bio, text
Bio, text
Bio, text
Bio, text
Bio, text
Bio, text
Bio, text
Bio, text
Bio, text
Bio, text
Bio, text
Bio, text
Bio, text
Bio, text
Bio, text
Bio, text
Bio, text
Bio, text
Bio, text
Bio, text
Bio, text
Bio, text
Bio, text
Bio, text
Bio, text
Bio, text
Bio, text
Bio, text
Bio, text
Bio, text
Bio, text
Bio, text
Bio, text
Bio, text
Bio, text
Bio, text
Bio, text
Bio, text
Bio, text
Bio, text
Bio, text
Bio, text
Bio, text
Bio, text
Bio, text
Bio, text
Bio, text
Bio, text
Bio, text
Bio, text
Bio, text
Bio, text
Bio, text
Bio, text
Bio, text
Bio, text
Bio, text
Bio, text
Bio, text
Bio, text
Bio, text
Bio, text
Bio, text
Bio, text
Bio, text
Bio, text
Bio, text
Bio, text
Bio, text
Bio, text
Bio, text
Bio, text
Bio, text
Bio, text
Bio, text
Bio, text
Bio, text
Bio, text
Bio, text
Bio, text
Bio, text
Bio, text
Bio, text
Bio, text
Bio, text
Bio, text
Bio, text
Bio, text
Bio, text
Bio, text
Bio, text
Bio, text
Bio, text
Bio, text
Bio, text
Bio, text
Bio, text
Bio, text
Bio, text
Bio, text
Bio, text
Bio, text
Bio, text
Bio, text
Bio, text
Bio, text
Bio, text
Bio, text
Bio, text
Bio, text
Bio, text
Bio, text
Bio, text
Bio, text
Bio, text
Bio, text
Bio, text
Bio, text
Bio, text
Bio, text
Bio, text
Bio, text
Bio, text
Bio, text
Bio, text
Bio, text
Bio, text
Bio, text
Bio, text
Bio, text
Bio, text
Bio, text
Bio, text
Bio, text
Bio, text
Bio, text
Bio, text
Bio, text
Bio, text
Bio, text
Bio, text
Bio, text
Bio, text
Bio, text
Bio, text
Bio, text
Bio, text
Bio, text
Bio, text
Bio, text
Bio, text
Bio, text
Bio, text
Bio, text
Bio, text
Bio, text
Bio, text
Bio, text
Bio, text
Bio, text
Bio, text
Bio, text
Bio, text
Bio, text
Bio, text
Bio, text
Bio, text
Bio, text
Bio, text
Bio, text
Bio, text
Bio, text
Bio, text
Bio, text
Bio, text
Bio, text
Bio, text
Bio, text
Bio, text
Bio, text
Bio, text
Bio, text
Bio, text
Bio, text
Bio, text
Bio, text
Bio, text
Bio, text
Bio, text
Bio, text
Bio, text
Bio, text
Bio, text
Bio, text
Bio, text
Bio, text
Bio, text
Bio, text
Bio, text
Bio, text
Bio, text
Bio, text
Bio, text
Bio, text
Bio, text
Bio, text
Bio, text
Bio, text
Bio, text
Bio, text
Bio, text
Bio, text
Bio, text
Bio, text
Bio, text
Bio, text
Bio, text
Bio, text
Bio, text
Bio, text
Bio, text
Bio, text
Bio, text
Bio, text
Bio, text
Bio, text
Bio, text
Bio, text
Bio, text
Bio, text
Bio, text
Bio, text
Bio, text
Bio, text
Bio, text
Bio, text
Bio, text
Bio, text
Bio, text
Bio, text
Bio, text
Bio, text
Bio, text
Bio, text
Bio, text
Bio, text
Bio, text
Bio, text
Bio, text
Bio, text
Bio, text
Bio, text
Bio, text
Bio, text
Bio, text
Bio, text
Bio, text
Bio, text
Bio, text
Bio, text
Bio, text
Bio, text
Bio, text
Bio, text
Bio, text
Bio, text
Bio, text
Bio, text
Bio, text
Bio, text
Bio, text
Bio, text
Bio, text
Bio, text
Bio, text
Bio, text
Bio, text
Bio, text
Bio, text
Bio, text
