Mail, Email
Mail, Email
Mail, Email
Mail, Email
Mail, Email
Mail, Email
Mail, Email
Mail, Email
Mail, Email
Mail, Email
Mail, Email
Mail, Email
Mail, Email
Mail, Email
Mail, Email
Mail, Email
Mail, Email
Mail, Email
Mail, Email
Mail, Email
Mail, Email
Mail, Email
Mail, Email
Mail, Email
Mail, Email
Mail, Email
Mail, Email
Mail, Email
Mail, Email
Mail, Email
Mail, Email
Mail, Email
Mail, Email
Mail, Email
Mail, Email
Mail, Email
Mail, Email
Mail, Email
Mail, Email
Mail, Email
Mail, Email
Mail, Email
Mail, Email
Mail, Email
Mail, Email
Mail, Email
Mail, Email
Mail, Email
Mail, Email
Mail, Email
Mail, Email
Mail, Email
Mail, Email
Mail, Email
Mail, Email
Mail, Email
Mail, Email
Mail, Email
Mail, Email
Mail, Email
Mail, Email
Mail, Email
Mail, Email
Mail, Email
Mail, Email
Mail, Email
Mail, Email
Mail, Email
Mail, Email
Mail, Email
Mail, Email
Mail, Email
Mail, Email
Mail, Email
Mail, Email
Mail, Email
Mail, Email
Mail, Email
Mail, Email
Mail, Email
Mail, Email
Mail, Email
Mail, Email
Mail, Email
Mail, Email
Mail, Email
Mail, Email
Mail, Email
Mail, Email
Mail, Email
Mail, Email
Mail, Email
Mail, Email
Mail, Email
Mail, Email
Mail, Email
Mail, Email
Mail, Email
Mail, Email
Mail, Email
Mail, Email
Mail, Email
Mail, Email
Mail, Email
Mail, Email
Mail, Email
Mail, Email
Mail, Email
Mail, Email
Mail, Email
Mail, Email
Mail, Email
Mail, Email
Mail, Email
Mail, Email
Mail, Email
Mail, Email
Mail, Email
Mail, Email
Mail, Email
Mail, Email
Mail, Email
Mail, Email
Mail, Email
Mail, Email
Mail, Email
Mail, Email
Mail, Email
Mail, Email
Mail, Email
Mail, Email
Mail, Email
Mail, Email
Mail, Email
Mail, Email
Mail, Email
Mail, Email
Mail, Email
Mail, Email
Mail, Email
Mail, Email
Mail, Email
Mail, Email
Mail, Email
Mail, Email
Mail, Email
Mail, Email
Mail, Email
Mail, Email
Mail, Email
Mail, Email
Mail, Email
Mail, Email
Mail, Email
Mail, Email
Mail, Email
Mail, Email
Mail, Email
Mail, Email
Mail, Email
Mail, Email
Mail, Email
Mail, Email
Mail, Email
Mail, Email
Mail, Email
Mail, Email
Mail, Email
Mail, Email
Mail, Email
Mail, Email
Mail, Email
Mail, Email
Mail, Email
Mail, Email
Mail, Email
Mail, Email
Mail, Email
Mail, Email
Mail, Email
Mail, Email
Mail, Email
Mail, Email
Mail, Email
Mail, Email
Mail, Email
Mail, Email
Mail, Email
Mail, Email
Mail, Email
Mail, Email
Mail, Email
Mail, Email
Mail, Email
Mail, Email
Mail, Email
Mail, Email
Mail, Email
Mail, Email
Mail, Email
Mail, Email
Mail, Email
Mail, Email
Mail, Email
Mail, Email
Mail, Email
Mail, Email
Mail, Email
Mail, Email
Mail, Email
Mail, Email
Mail, Email
Mail, Email
Mail, Email
Mail, Email
Mail, Email
Mail, Email
Mail, Email
Mail, Email
Mail, Email
Mail, Email
Mail, Email
Mail, Email
Mail, Email
Mail, Email
Mail, Email
Mail, Email
Mail, Email
Mail, Email
Mail, Email
Mail, Email
Mail, Email
Mail, Email
Mail, Email
Mail, Email
Mail, Email
Mail, Email
Mail, Email
Mail, Email
Mail, Email
Mail, Email
Mail, Email
Mail, Email
Mail, Email
Mail, Email
Mail, Email
Mail, Email
Mail, Email
Mail, Email
Mail, Email
Mail, Email
Mail, Email
Mail, Email
Mail, Email
Mail, Email
Mail, Email
Mail, Email
Mail, Email
Mail, Email
Mail, Email
Mail, Email
Mail, Email
Mail, Email
Mail, Email
Mail, Email
Mail, Email
Mail, Email
Mail, Email
Mail, Email
Mail, Email
Mail, Email
Mail, Email
Mail, Email
Mail, Email
Mail, Email
Mail, Email
Mail, Email
Mail, Email
Mail, Email
Mail, Email
Mail, Email
Mail, Email
Mail, Email
Mail, Email
Mail, Email
Mail, Email
Mail, Email
Mail, Email
Mail, Email
Mail, Email
Mail, Email
Mail, Email
Mail, Email
Mail, Email
Mail, Email
Mail, Email
Mail, Email
Mail, Email
Mail, Email
Mail, Email
Mail, Email
Mail, Email
Mail, Email
Mail, Email
Mail, Email
Mail, Email
Mail, Email
Mail, Email
Mail, Email
Mail, Email
Mail, Email
Mail, Email
Mail, Email
Mail, Email
Mail, Email
Mail, Email
Mail, Email
Mail, Email
Mail, Email
Mail, Email
Mail, Email
Mail, Email
Mail, Email
Mail, Email
Mail, Email
Mail, Email
Mail, Email
Mail, Email
Mail, Email
Mail, Email
Mail, Email
Mail, Email
Mail, Email
Mail, Email
Mail, Email
Mail, Email
Mail, Email
Mail, Email
Mail, Email
Mail, Email
Mail, Email
Mail, Email
Mail, Email
Mail, Email
Mail, Email
Mail, Email
Mail, Email
Mail, Email
Mail, Email
Mail, Email
Mail, Email
Mail, Email
Mail, Email
Mail, Email
Mail, Email
Mail, Email
Mail, Email
Mail, Email
Mail, Email
Mail, Email
Mail, Email
Mail, Email
Mail, Email
Mail, Email
Mail, Email
Mail, Email
Mail, Email
Mail, Email
Mail, Email
Mail, Email
Mail, Email
Mail, Email
Mail, Email
Mail, Email
Mail, Email
Mail, Email
Mail, Email
Mail, Email
Mail, Email
Mail, Email
Mail, Email
Mail, Email
Mail, Email
Mail, Email
Mail, Email
Mail, Email
Mail, Email
Mail, Email
Mail, Email
Mail, Email
Mail, Email
Mail, Email
Mail, Email
Mail, Email
Mail, Email
Mail, Email
Mail, Email
Mail, Email
Mail, Email
Mail, Email
Mail, Email
Mail, Email
Mail, Email
Mail, Email
Mail, Email
Mail, Email
Mail, Email
Mail, Email
Mail, Email
Mail, Email
Mail, Email
Mail, Email
Mail, Email
Mail, Email
Mail, Email
Mail, Email
Mail, Email
Mail, Email
Mail, Email
Mail, Email
Mail, Email
Mail, Email
Mail, Email
Mail, Email
Mail, Email
Mail, Email
Mail, Email
Mail, Email
Mail, Email
Mail, Email
Mail, Email
Mail, Email
Mail, Email
Mail, Email
Mail, Email
Mail, Email
Mail, Email
Mail, Email
Mail, Email
Mail, Email
Mail, Email
Mail, Email
Mail, Email
Mail, Email
Mail, Email
Mail, Email
Mail, Email
Mail, Email
Mail, Email
Mail, Email
Mail, Email
Mail, Email
Mail, Email
Mail, Email
Mail, Email
Mail, Email
Mail, Email
Mail, Email
Mail, Email
Mail, Email
Mail, Email
Mail, Email
Mail, Email
Mail, Email
Mail, Email
Mail, Email
Mail, Email
Mail, Email
Mail, Email
Mail, Email
Mail, Email
Mail, Email
Mail, Email
Mail, Email
Mail, Email
Mail, Email
Mail, Email
Mail, Email
Mail, Email
Mail, Email
Mail, Email
Mail, Email
Mail, Email
Mail, Email
Mail, Email
Mail, Email
Mail, Email
Mail, Email
Mail, Email
Mail, Email
Mail, Email
Mail, Email
Mail, Email
Mail, Email
Mail, Email
Mail, Email
Mail, Email
Mail, Email
Mail, Email
Mail, Email
