Name, Full name
Name, Full name
Name, Full name
Name, Full name
Name, Full name
Name, Full name
Name, Full name
Name, Full name
Name, Full name
Name, Full name
Name, Full name
Name, Full name
Name, Full name
Name, Full name
Name, Full name
Name, Full name
Name, Full name
Name, Full name
Name, Full name
Name, Full name
Name, Full name
Name, Full name
Name, Full name
Name, Full name
Name, Full name
Name, Full name
Name, Full name
Name, Full name
Name, Full name
Name, Full name
Name, Full name
Name, Full name
Name, Full name
Name, Full name
Name, Full name
Name, Full name
Name, Full name
Name, Full name
Name, Full name
Name, Full name
Name, Full name
Name, Full name
Name, Full name
Name, Full name
Name, Full name
Name, Full name
Name, Full name
Name, Full name
Name, Full name
Name, Full name
Name, Full name
Name, Full name
Name, Full name
Name, Full name
Name, Full name
Name, Full name
Name, Full name
Name, Full name
Name, Full name
Name, Full name
Name, Full name
Name, Full name
Name, Full name
Name, Full name
Name, Full name
Name, Full name
Name, Full name
Name, Full name
Name, Full name
Name, Full name
Name, Full name
Name, Full name
Name, Full name
Name, Full name
Name, Full name
Name, Full name
Name, Full name
Name, Full name
Name, Full name
Name, Full name
Name, Full name
Name, Full name
Name, Full name
Name, Full name
Name, Full name
Name, Full name
Name, Full name
Name, Full name
Name, Full name
Name, Full name
Name, Full name
Name, Full name
Name, Full name
Name, Full name
Name, Full name
Name, Full name
Name, Full name
Name, Full name
Name, Full name
Name, Full name
Name, Full name
Name, Full name
Name, Full name
Name, Full name
Name, Full name
Name, Full name
Name, Full name
Name, Full name
Name, Full name
Name, Full name
Name, Full name
Name, Full name
Name, Full name
Name, Full name
Name, Full name
Name, Full name
Name, Full name
Name, Full name
Name, Full name
Name, Full name
Name, Full name
Name, Full name
Name, Full name
Name, Full name
Name, Full name
Name, Full name
Name, Full name
Name, Full name
Name, Full name
Name, Full name
Name, Full name
Name, Full name
Name, Full name
Name, Full name
Name, Full name
Name, Full name
Name, Full name
Name, Full name
Name, Full name
Name, Full name
Name, Full name
Name, Full name
Name, Full name
Name, Full name
Name, Full name
Name, Full name
Name, Full name
Name, Full name
Name, Full name
Name, Full name
Name, Full name
Name, Full name
Name, Full name
Name, Full name
Name, Full name
Name, Full name
Name, Full name
Name, Full name
Name, Full name
Name, Full name
Name, Full name
Name, Full name
Name, Full name
Name, Full name
Name, Full name
Name, Full name
Name, Full name
Name, Full name
Name, Full name
Name, Full name
Name, Full name
Name, Full name
Name, Full name
Name, Full name
Name, Full name
Name, Full name
Name, Full name
Name, Full name
Name, Full name
Name, Full name
Name, Full name
Name, Full name
Name, Full name
Name, Full name
Name, Full name
Name, Full name
Name, Full name
Name, Full name
Name, Full name
Name, Full name
Name, Full name
Name, Full name
Name, Full name
Name, Full name
Name, Full name
Name, Full name
Name, Full name
Name, Full name
Name, Full name
Name, Full name
Name, Full name
Name, Full name
Name, Full name
Name, Full name
Name, Full name
Name, Full name
Name, Full name
Name, Full name
Name, Full name
Name, Full name
Name, Full name
Name, Full name
Name, Full name
Name, Full name
Name, Full name
Name, Full name
Name, Full name
Name, Full name
Name, Full name
Name, Full name
Name, Full name
Name, Full name
Name, Full name
Name, Full name
Name, Full name
Name, Full name
Name, Full name
Name, Full name
Name, Full name
Name, Full name
Name, Full name
Name, Full name
Name, Full name
Name, Full name
Name, Full name
Name, Full name
Name, Full name
Name, Full name
Name, Full name
Name, Full name
Name, Full name
Name, Full name
Name, Full name
Name, Full name
Name, Full name
Name, Full name
Name, Full name
Name, Full name
Name, Full name
Name, Full name
Name, Full name
Name, Full name
Name, Full name
Name, Full name
Name, Full name
Name, Full name
Name, Full name
Name, Full name
Name, Full name
Name, Full name
Name, Full name
Name, Full name
Name, Full name
Name, Full name
Name, Full name
Name, Full name
Name, Full name
Name, Full name
Name, Full name
Name, Full name
Name, Full name
Name, Full name
Name, Full name
Name, Full name
Name, Full name
Name, Full name
Name, Full name
Name, Full name
Name, Full name
Name, Full name
Name, Full name
Name, Full name
Name, Full name
Name, Full name
Name, Full name
Name, Full name
Name, Full name
Name, Full name
Name, Full name
Name, Full name
Name, Full name
Name, Full name
Name, Full name
Name, Full name
Name, Full name
Name, Full name
Name, Full name
Name, Full name
Name, Full name
Name, Full name
Name, Full name
Name, Full name
Name, Full name
Name, Full name
Name, Full name
Name, Full name
Name, Full name
Name, Full name
Name, Full name
Name, Full name
Name, Full name
Name, Full name
Name, Full name
Name, Full name
Name, Full name
Name, Full name
Name, Full name
Name, Full name
Name, Full name
Name, Full name
Name, Full name
Name, Full name
Name, Full name
Name, Full name
Name, Full name
Name, Full name
Name, Full name
Name, Full name
Name, Full name
Name, Full name
Name, Full name
Name, Full name
Name, Full name
Name, Full name
Name, Full name
Name, Full name
Name, Full name
Name, Full name
Name, Full name
Name, Full name
Name, Full name
Name, Full name
Name, Full name
Name, Full name
Name, Full name
Name, Full name
Name, Full name
Name, Full name
Name, Full name
Name, Full name
Name, Full name
Name, Full name
Name, Full name
Name, Full name
Name, Full name
Name, Full name
Name, Full name
Name, Full name
Name, Full name
Name, Full name
Name, Full name
Name, Full name
Name, Full name
Name, Full name
Name, Full name
Name, Full name
Name, Full name
Name, Full name
Name, Full name
Name, Full name
Name, Full name
Name, Full name
Name, Full name
Name, Full name
Name, Full name
Name, Full name
Name, Full name
Name, Full name
Name, Full name
Name, Full name
Name, Full name
Name, Full name
Name, Full name
Name, Full name
Name, Full name
Name, Full name
Name, Full name
Name, Full name
Name, Full name
Name, Full name
Name, Full name
Name, Full name
Name, Full name
Name, Full name
Name, Full name
Name, Full name
Name, Full name
Name, Full name
Name, Full name
Name, Full name
Name, Full name
Name, Full name
Name, Full name
Name, Full name
Name, Full name
Name, Full name
Name, Full name
Name, Full name
Name, Full name
Name, Full name
Name, Full name
Name, Full name
Name, Full name
Name, Full name
Name, Full name
Name, Full name
Name, Full name
Name, Full name
Name, Full name
Name, Full name
Name, Full name
Name, Full name
Name, Full name
Name, Full name
Name, Full name
Name, Full name
Name, Full name
Name, Full name
Name, Full name
Name, Full name
Name, Full name
Name, Full name
Name, Full name
Name, Full name
Name, Full name
Name, Full name
Name, Full name
Name, Full name
Name, Full name
Name, Full name
Name, Full name
Name, Full name
Name, Full name
Name, Full name
Name, Full name
Name, Full name
Name, Full name
Name, Full name
Name, Full name
Name, Full name
Name, Full name
Name, Full name
Name, Full name
Name, Full name
Name, Full name
Name, Full name
Name, Full name
Name, Full name
Name, Full name
Name, Full name
Name, Full name
Name, Full name
Name, Full name
Name, Full name
Name, Full name
Name, Full name
Name, Full name
Name, Full name
Name, Full name
Name, Full name
Name, Full name
Name, Full name
Name, Full name
Name, Full name
Name, Full name
Name, Full name
Name, Full name
Name, Full name
Name, Full name
Name, Full name
Name, Full name
Name, Full name
Name, Full name
Name, Full name
Name, Full name
Name, Full name
Name, Full name
Name, Full name
Name, Full name
Name, Full name
Name, Full name
Name, Full name
Name, Full name
Name, Full name
Name, Full name
Name, Full name
Name, Full name
Name, Full name
Name, Full name
Name, Full name
